fitness,hsv_h,hsv_s,hsv_v
0.56233,0.015,0.7,0.4
0.55245,0.01516,0.68392,0.40167
